{
  "backprop" : true,
  "backpropType" : "Standard",
  "cacheMode" : "NONE",
  "defaultConfiguration" : {
    "cacheMode" : "NONE",
    "epochCount" : 0,
    "iterationCount" : 0,
    "layer" : null,
    "maxNumLineSearchIterations" : 5,
    "miniBatch" : true,
    "minimize" : true,
    "optimizationAlgo" : "STOCHASTIC_GRADIENT_DESCENT",
    "pretrain" : false,
    "seed" : 1550958360023,
    "stepFunction" : null,
    "variables" : [ "cnn3_W", "cnn3_b", "cnn4_W", "cnn4_b", "cnn5_W", "cnn5_b", "out_W", "out_b" ]
  },
  "epochCount" : 16,
  "inferenceWorkspaceMode" : "ENABLED",
  "iterationCount" : 3952,
  "legacyBatchScaledL2" : false,
  "networkInputs" : [ "input" ],
  "networkOutputs" : [ "out" ],
  "pretrain" : false,
  "tbpttBackLength" : 20,
  "tbpttFwdLength" : 20,
  "topologicalOrder" : [ 0, 1, 2, 3, 4, 5, 6 ],
  "topologicalOrderStr" : [ "input", "cnn3", "cnn4", "cnn5", "merge", "globalPool", "out" ],
  "trainingWorkspaceMode" : "ENABLED",
  "vertexInputs" : {
    "cnn3" : [ "input" ],
    "cnn4" : [ "input" ],
    "cnn5" : [ "input" ],
    "merge" : [ "cnn3", "cnn4", "cnn5" ],
    "globalPool" : [ "merge" ],
    "out" : [ "globalPool" ]
  },
  "vertices" : {
    "cnn3" : {
      "@class" : "org.deeplearning4j.nn.conf.graph.LayerVertex",
      "layerConf" : {
        "cacheMode" : "NONE",
        "epochCount" : 0,
        "iterationCount" : 0,
        "layer" : {
          "@class" : "org.deeplearning4j.nn.conf.layers.ConvolutionLayer",
          "activationFn" : {
            "@class" : "org.nd4j.linalg.activations.impl.ActivationLReLU",
            "alpha" : 0.01
          },
          "biasInit" : 0.0,
          "biasUpdater" : null,
          "constraints" : null,
          "convolutionMode" : "Same",
          "cudnnAlgoMode" : "PREFER_FASTEST",
          "cudnnAllowFallback" : true,
          "cudnnBwdDataAlgo" : null,
          "cudnnBwdFilterAlgo" : null,
          "cudnnFwdAlgo" : null,
          "dilation" : [ 1, 1 ],
          "dist" : null,
          "gradientNormalization" : "None",
          "gradientNormalizationThreshold" : 1.0,
          "hasBias" : true,
          "idropout" : null,
          "iupdater" : {
            "@class" : "org.nd4j.linalg.learning.config.Adam",
            "beta1" : 0.9,
            "beta2" : 0.999,
            "epsilon" : 1.0E-8,
            "learningRate" : 0.01
          },
          "kernelSize" : [ 3, 300 ],
          "l1" : 0.0,
          "l1Bias" : 0.0,
          "l2" : 1.0E-4,
          "l2Bias" : 0.0,
          "layerName" : "cnn3",
          "nin" : 1,
          "nout" : 100,
          "padding" : [ 0, 0 ],
          "pretrain" : false,
          "stride" : [ 1, 300 ],
          "weightInit" : "RELU",
          "weightNoise" : null
        },
        "maxNumLineSearchIterations" : 5,
        "miniBatch" : true,
        "minimize" : true,
        "optimizationAlgo" : "STOCHASTIC_GRADIENT_DESCENT",
        "pretrain" : false,
        "seed" : 1550958360023,
        "stepFunction" : null,
        "variables" : [ "W", "b" ]
      },
      "outputVertex" : false,
      "preProcessor" : null
    },
    "cnn4" : {
      "@class" : "org.deeplearning4j.nn.conf.graph.LayerVertex",
      "layerConf" : {
        "cacheMode" : "NONE",
        "epochCount" : 0,
        "iterationCount" : 0,
        "layer" : {
          "@class" : "org.deeplearning4j.nn.conf.layers.ConvolutionLayer",
          "activationFn" : {
            "@class" : "org.nd4j.linalg.activations.impl.ActivationLReLU",
            "alpha" : 0.01
          },
          "biasInit" : 0.0,
          "biasUpdater" : null,
          "constraints" : null,
          "convolutionMode" : "Same",
          "cudnnAlgoMode" : "PREFER_FASTEST",
          "cudnnAllowFallback" : true,
          "cudnnBwdDataAlgo" : null,
          "cudnnBwdFilterAlgo" : null,
          "cudnnFwdAlgo" : null,
          "dilation" : [ 1, 1 ],
          "dist" : null,
          "gradientNormalization" : "None",
          "gradientNormalizationThreshold" : 1.0,
          "hasBias" : true,
          "idropout" : null,
          "iupdater" : {
            "@class" : "org.nd4j.linalg.learning.config.Adam",
            "beta1" : 0.9,
            "beta2" : 0.999,
            "epsilon" : 1.0E-8,
            "learningRate" : 0.01
          },
          "kernelSize" : [ 4, 300 ],
          "l1" : 0.0,
          "l1Bias" : 0.0,
          "l2" : 1.0E-4,
          "l2Bias" : 0.0,
          "layerName" : "cnn4",
          "nin" : 1,
          "nout" : 100,
          "padding" : [ 0, 0 ],
          "pretrain" : false,
          "stride" : [ 1, 300 ],
          "weightInit" : "RELU",
          "weightNoise" : null
        },
        "maxNumLineSearchIterations" : 5,
        "miniBatch" : true,
        "minimize" : true,
        "optimizationAlgo" : "STOCHASTIC_GRADIENT_DESCENT",
        "pretrain" : false,
        "seed" : 1550958360023,
        "stepFunction" : null,
        "variables" : [ "W", "b" ]
      },
      "outputVertex" : false,
      "preProcessor" : null
    },
    "cnn5" : {
      "@class" : "org.deeplearning4j.nn.conf.graph.LayerVertex",
      "layerConf" : {
        "cacheMode" : "NONE",
        "epochCount" : 0,
        "iterationCount" : 0,
        "layer" : {
          "@class" : "org.deeplearning4j.nn.conf.layers.ConvolutionLayer",
          "activationFn" : {
            "@class" : "org.nd4j.linalg.activations.impl.ActivationLReLU",
            "alpha" : 0.01
          },
          "biasInit" : 0.0,
          "biasUpdater" : null,
          "constraints" : null,
          "convolutionMode" : "Same",
          "cudnnAlgoMode" : "PREFER_FASTEST",
          "cudnnAllowFallback" : true,
          "cudnnBwdDataAlgo" : null,
          "cudnnBwdFilterAlgo" : null,
          "cudnnFwdAlgo" : null,
          "dilation" : [ 1, 1 ],
          "dist" : null,
          "gradientNormalization" : "None",
          "gradientNormalizationThreshold" : 1.0,
          "hasBias" : true,
          "idropout" : null,
          "iupdater" : {
            "@class" : "org.nd4j.linalg.learning.config.Adam",
            "beta1" : 0.9,
            "beta2" : 0.999,
            "epsilon" : 1.0E-8,
            "learningRate" : 0.01
          },
          "kernelSize" : [ 5, 300 ],
          "l1" : 0.0,
          "l1Bias" : 0.0,
          "l2" : 1.0E-4,
          "l2Bias" : 0.0,
          "layerName" : "cnn5",
          "nin" : 1,
          "nout" : 100,
          "padding" : [ 0, 0 ],
          "pretrain" : false,
          "stride" : [ 1, 300 ],
          "weightInit" : "RELU",
          "weightNoise" : null
        },
        "maxNumLineSearchIterations" : 5,
        "miniBatch" : true,
        "minimize" : true,
        "optimizationAlgo" : "STOCHASTIC_GRADIENT_DESCENT",
        "pretrain" : false,
        "seed" : 1550958360023,
        "stepFunction" : null,
        "variables" : [ "W", "b" ]
      },
      "outputVertex" : false,
      "preProcessor" : null
    },
    "merge" : {
      "@class" : "org.deeplearning4j.nn.conf.graph.MergeVertex"
    },
    "globalPool" : {
      "@class" : "org.deeplearning4j.nn.conf.graph.LayerVertex",
      "layerConf" : {
        "cacheMode" : "NONE",
        "epochCount" : 0,
        "iterationCount" : 0,
        "layer" : {
          "@class" : "org.deeplearning4j.nn.conf.layers.GlobalPoolingLayer",
          "collapseDimensions" : true,
          "constraints" : null,
          "gradientNormalization" : "None",
          "gradientNormalizationThreshold" : 0.0,
          "idropout" : {
            "@class" : "org.deeplearning4j.nn.conf.dropout.Dropout",
            "p" : 0.5,
            "pschedule" : null
          },
          "layerName" : "globalPool",
          "pnorm" : 2,
          "poolingDimensions" : null,
          "poolingType" : "MAX",
          "pretrain" : false
        },
        "maxNumLineSearchIterations" : 5,
        "miniBatch" : true,
        "minimize" : true,
        "optimizationAlgo" : "STOCHASTIC_GRADIENT_DESCENT",
        "pretrain" : false,
        "seed" : 1550958360023,
        "stepFunction" : null,
        "variables" : [ ]
      },
      "outputVertex" : false,
      "preProcessor" : null
    },
    "out" : {
      "@class" : "org.deeplearning4j.nn.conf.graph.LayerVertex",
      "layerConf" : {
        "cacheMode" : "NONE",
        "epochCount" : 0,
        "iterationCount" : 0,
        "layer" : {
          "@class" : "org.deeplearning4j.nn.conf.layers.OutputLayer",
          "activationFn" : {
            "@class" : "org.nd4j.linalg.activations.impl.ActivationSoftmax"
          },
          "biasInit" : 0.0,
          "biasUpdater" : null,
          "constraints" : null,
          "dist" : null,
          "gradientNormalization" : "None",
          "gradientNormalizationThreshold" : 1.0,
          "hasBias" : true,
          "idropout" : null,
          "iupdater" : {
            "@class" : "org.nd4j.linalg.learning.config.Adam",
            "beta1" : 0.9,
            "beta2" : 0.999,
            "epsilon" : 1.0E-8,
            "learningRate" : 0.01
          },
          "l1" : 0.0,
          "l1Bias" : 0.0,
          "l2" : 1.0E-4,
          "l2Bias" : 0.0,
          "layerName" : "out",
          "legacyBatchScaledL2" : false,
          "lossFn" : {
            "@class" : "org.nd4j.linalg.lossfunctions.impl.LossMCXENT",
            "softmaxClipEps" : 1.0E-10,
            "configProperties" : false,
            "numOutputs" : -1
          },
          "nin" : 300,
          "nout" : 2,
          "pretrain" : false,
          "weightInit" : "RELU",
          "weightNoise" : null
        },
        "maxNumLineSearchIterations" : 5,
        "miniBatch" : true,
        "minimize" : true,
        "optimizationAlgo" : "STOCHASTIC_GRADIENT_DESCENT",
        "pretrain" : false,
        "seed" : 1550958360023,
        "stepFunction" : null,
        "variables" : [ "W", "b" ]
      },
      "outputVertex" : false,
      "preProcessor" : null
    }
  }
}